Short,Description,Large,SA
tasa_participacion,Tasa de participación,"Indicadores económicos de coyuntura > Tasas de ocupación, desocupación y subocupación (resultados mensuales de la ENOE, 15 años y más) > Series desestacionalizadas y tendencia-ciclo > Nacional > Tasa de participación > Total > Serie desestacionalizada",0
tasa_desocupacion,Tasa de desocupación,"Indicadores económicos de coyuntura > Tasas de ocupación, desocupación y subocupación (resultados mensuales de la ENOE, 15 años y más) > Series desestacionalizadas y tendencia-ciclo > Nacional > Tasa de desocupación > Total > Serie desestacionalizada",0
tasa_informalidad,Tasa de informalidad laboral 1 (TIL1),"Indicadores económicos de coyuntura > Tasas de ocupación, desocupación y subocupación (resultados mensuales de la ENOE, 15 años y más) > Series desestacionalizadas y tendencia-ciclo > Nacional > Tasa de informalidad laboral 1 (TIL1) > Total > Serie desestacionalizada",0
tasa_ocupacion_informal,Tasa de ocupación en el sector informal 1 (TOSI1),"Indicadores económicos de coyuntura > Tasas de ocupación, desocupación y subocupación (resultados mensuales de la ENOE, 15 años y más) > Series desestacionalizadas y tendencia-ciclo > Nacional > Tasa de ocupación en el sector informal 1 (TOSI1) > Total > Serie desestacionalizada",0
tasa_subocupacion,Tasa de subocupación,"Indicadores económicos de coyuntura > Tasas de ocupación, desocupación y subocupación (resultados mensuales de la ENOE, 15 años y más) > Series desestacionalizadas y tendencia-ciclo > Nacional > Tasa de subocupación > Serie desestacionalizada",0
pnea_p15ymas,Población no económicamente activa respecto a la población de 15 años y más,"Indicadores económicos de coyuntura > Tasas de ocupación, desocupación y subocupación (resultados mensuales de la ENOE, 15 años y más) > Series desestacionalizadas y tendencia-ciclo > Nacional > Población no económicamente activa respecto a la población de 15 años y más > Serie desestacionalizada",0
tasa_ocupacion_nacional,Población ocupada nacional respecto a la población económicamente activa,"Indicadores económicos de coyuntura > Tasas de ocupación, desocupación y subocupación (resultados mensuales de la ENOE, 15 años y más) > Series desestacionalizadas y tendencia-ciclo > Nacional > Población ocupada nacional respecto a la población económicamente activa > Serie desestacionalizada",0
igae,Indicador global de la actividad económica,"Indicadores económicos de coyuntura > Indicador global de la actividad económica, base 2018 > Series desestacionalizadas y tendencia-ciclo > Total > Serie desestacionalizada",0
ga1,Actividades primarias,"Indicadores económicos de coyuntura > Indicador global de la actividad económica, base 2018 > Series desestacionalizadas y tendencia-ciclo > Actividades primarias > Serie desestacionalizada",0
ga3,Actividades terciarias,"Indicadores económicos de coyuntura > Indicador global de la actividad económica, base 2018 > Series desestacionalizadas y tendencia-ciclo > Actividades terciarias > Total actividades terciarias > Serie desestacionalizada",0
s43,Comercio al por mayor,"Indicadores económicos de coyuntura > Indicador global de la actividad económica, base 2018 > Series desestacionalizadas y tendencia-ciclo > Actividades terciarias > 43 Comercio al por mayor > Serie desestacionalizada",0
s46,Comercio al por menor,"Indicadores económicos de coyuntura > Indicador global de la actividad económica, base 2018 > Series desestacionalizadas y tendencia-ciclo > Actividades terciarias > 46 Comercio al por menor > Serie desestacionalizada",0
s48_49,"Transportes, correos y almacenamiento","Indicadores económicos de coyuntura > Indicador global de la actividad económica, base 2018 > Series desestacionalizadas y tendencia-ciclo > Actividades terciarias > 48-49 Transportes, correos y almacenamiento > Serie desestacionalizada",0
s51,Información en medios masivos,"Indicadores económicos de coyuntura > Indicador global de la actividad económica, base 2018 > Series desestacionalizadas y tendencia-ciclo > Actividades terciarias > 51 Información en medios masivos > Serie desestacionalizada",0
s52,Servicios financieros y de seguros,"Indicadores económicos de coyuntura > Indicador global de la actividad económica, base 2018 > Series desestacionalizadas y tendencia-ciclo > Actividades terciarias > 52 Servicios financieros y de seguros > Serie desestacionalizada",0
s53,Servicios inmobiliarios y de alquiler de bienes muebles e intangibles,"Indicadores económicos de coyuntura > Indicador global de la actividad económica, base 2018 > Series desestacionalizadas y tendencia-ciclo > Actividades terciarias > 53 Servicios inmobiliarios y de alquiler de bienes muebles e intangibles > Serie desestacionalizada",0
s54,"Servicios profesionales, científicos y técnicos","Indicadores económicos de coyuntura > Indicador global de la actividad económica, base 2018 > Series desestacionalizadas y tendencia-ciclo > Actividades terciarias > 54 Servicios profesionales, científicos y técnicos > Serie desestacionalizada",0
s56,"Servicios de apoyo a los negocios y manejo de residuos y desechos, y servicios de remediación","Indicadores económicos de coyuntura > Indicador global de la actividad económica, base 2018 > Series desestacionalizadas y tendencia-ciclo > Actividades terciarias > 56 Servicios de apoyo a los negocios y manejo de residuos y desechos, y servicios de remediación > Serie desestacionalizada",0
s61,Servicios educativos,"Indicadores económicos de coyuntura > Indicador global de la actividad económica, base 2018 > Series desestacionalizadas y tendencia-ciclo > Actividades terciarias > 61 Servicios educativos > Serie desestacionalizada",0
s62,Servicios de salud y de asistencia social,"Indicadores económicos de coyuntura > Indicador global de la actividad económica, base 2018 > Series desestacionalizadas y tendencia-ciclo > Actividades terciarias > 62 Servicios de salud y de asistencia social > Serie desestacionalizada",0
s71,"Servicios de esparcimiento culturales y deportivos, y otros servicios recreativos","Indicadores económicos de coyuntura > Indicador global de la actividad económica, base 2018 > Series desestacionalizadas y tendencia-ciclo > Actividades terciarias > 71 Servicios de esparcimiento culturales y deportivos, y otros servicios recreativos > Serie desestacionalizada",0
s72,Servicios de alojamiento temporal y de preparación de alimentos y bebidas,"Indicadores económicos de coyuntura > Indicador global de la actividad económica, base 2018 > Series desestacionalizadas y tendencia-ciclo > Actividades terciarias > 72 Servicios de alojamiento temporal y de preparación de alimentos y bebidas > Serie desestacionalizada",0
s81,Otros servicios excepto actividades gubernamentales,"Indicadores económicos de coyuntura > Indicador global de la actividad económica, base 2018 > Series desestacionalizadas y tendencia-ciclo > Actividades terciarias > 81 Otros servicios excepto actividades gubernamentales > Serie desestacionalizada",0
s93,"Actividades legislativas, gubernamentales, de impartición de justicia y de organismos internacionales y extraterritoriales","Indicadores económicos de coyuntura > Indicador global de la actividad económica, base 2018 > Series desestacionalizadas y tendencia-ciclo > Actividades terciarias > 93 Actividades legislativas, gubernamentales, de impartición de justicia y de organismos internacionales y extraterritoriales > Serie desestacionalizada",0
imcp,Indicador mensual del consumo privado en el mercado interior,"Indicadores económicos de coyuntura > Indicador mensual del consumo privado en el mercado interior, base 2018 > Series desestacionalizadas y tendencia-ciclo > Total > Serie desestacionalizada",0
imcpmi_bn,IMCP Bienes y servicios de origen nacional,"Indicadores económicos de coyuntura > Indicador mensual del consumo privado en el mercado interior, base 2018 > Series desestacionalizadas y tendencia-ciclo > Bienes y servicios de origen nacional > Total > Serie desestacionalizada",0
imcpmi_bm,IMCP Bienes importados,"Indicadores económicos de coyuntura > Indicador mensual del consumo privado en el mercado interior, base 2018 > Series desestacionalizadas y tendencia-ciclo > Bienes importados > Serie desestacionalizada",0
imai ,Actividad industrial,"Indicadores económicos de coyuntura > Actividad industrial, base 2018 > Series desestacionalizadas y tendencia-ciclo > Total de la actividad industrial > Serie desestacionalizada",0
s21,Minería,"Indicadores económicos de coyuntura > Actividad industrial, base 2018 > Series desestacionalizadas y tendencia-ciclo > Minería > Total > Serie desestacionalizada",0
s211,Extracción de petróleo y gas,"Indicadores económicos de coyuntura > Actividad industrial, base 2018 > Series desestacionalizadas y tendencia-ciclo > Minería > 211 Extracción de petróleo y gas > Serie desestacionalizada",0
s212,"Minería de minerales metálicos y no metálicos, excepto petróleo y gas","Indicadores económicos de coyuntura > Actividad industrial, base 2018 > Series desestacionalizadas y tendencia-ciclo > Minería > 212 Minería de minerales metálicos y no metálicos, excepto petróleo y gas > Serie desestacionalizada",0
s213,Servicios relacionados con la minería,"Indicadores económicos de coyuntura > Actividad industrial, base 2018 > Series desestacionalizadas y tendencia-ciclo > Minería > 213 Servicios relacionados con la minería > Serie desestacionalizada",0
s22,"Generación, transmisión y distribución de energía eléctrica, suministro de agua y de gas por ductos al consumidor final","Indicadores económicos de coyuntura > Actividad industrial, base 2018 > Series desestacionalizadas y tendencia-ciclo > Generación, transmisión y distribución de energía eléctrica, suministro de agua y de gas por ductos al consumidor final > Serie desestacionalizada",0
s23,Construcción,"Indicadores económicos de coyuntura > Actividad industrial, base 2018 > Series desestacionalizadas y tendencia-ciclo > Construcción > Total > Serie desestacionalizada",0
s236,Edificación,"Indicadores económicos de coyuntura > Actividad industrial, base 2018 > Series desestacionalizadas y tendencia-ciclo > Construcción > 236 Edificación > Serie desestacionalizada",0
s237,Construcción de obras de ingeniería civil,"Indicadores económicos de coyuntura > Actividad industrial, base 2018 > Series desestacionalizadas y tendencia-ciclo > Construcción > 237 Construcción de obras de ingeniería civil > Serie desestacionalizada",0
s238,Trabajos especializados para la construcción,"Indicadores económicos de coyuntura > Actividad industrial, base 2018 > Series desestacionalizadas y tendencia-ciclo > Construcción > 238 Trabajos especializados para la construcción > Serie desestacionalizada",0
s31_33,Industrias manufactureras,"Indicadores económicos de coyuntura > Actividad industrial, base 2018 > Series desestacionalizadas y tendencia-ciclo > Industrias manufactureras > Total > Serie desestacionalizada",0
s311,Industria alimentaria,"Indicadores económicos de coyuntura > Actividad industrial, base 2018 > Series desestacionalizadas y tendencia-ciclo > Industrias manufactureras > 311 Industria alimentaria > Serie desestacionalizada",0
s312,Industria de las bebidas y del tabaco,"Indicadores económicos de coyuntura > Actividad industrial, base 2018 > Series desestacionalizadas y tendencia-ciclo > Industrias manufactureras > 312 Industria de las bebidas y del tabaco > Serie desestacionalizada",0
s313,Fabricación de insumos textiles y acabado de textiles,"Indicadores económicos de coyuntura > Actividad industrial, base 2018 > Series desestacionalizadas y tendencia-ciclo > Industrias manufactureras > 313 Fabricación de insumos textiles y acabado de textiles > Serie desestacionalizada",0
s314,"Fabricación de productos textiles, excepto prendas de vestir","Indicadores económicos de coyuntura > Actividad industrial, base 2018 > Series desestacionalizadas y tendencia-ciclo > Industrias manufactureras > 314 Fabricación de productos textiles, excepto prendas de vestir > Serie desestacionalizada",0
s315,Fabricación de prendas de vestir,"Indicadores económicos de coyuntura > Actividad industrial, base 2018 > Series desestacionalizadas y tendencia-ciclo > Industrias manufactureras > 315 Fabricación de prendas de vestir > Serie desestacionalizada",0
s316,"Curtido y acabado de cuero y piel, y fabricación de productos de cuero, piel y materiales sucedáneos","Indicadores económicos de coyuntura > Actividad industrial, base 2018 > Series desestacionalizadas y tendencia-ciclo > Industrias manufactureras > 316 Curtido y acabado de cuero y piel, y fabricación de productos de cuero, piel y materiales sucedáneos > Serie desestacionalizada",0
s321,Industria de la madera,"Indicadores económicos de coyuntura > Actividad industrial, base 2018 > Series desestacionalizadas y tendencia-ciclo > Industrias manufactureras > 321 Industria de la madera > Serie desestacionalizada",0
s322,Industria del papel,"Indicadores económicos de coyuntura > Actividad industrial, base 2018 > Series desestacionalizadas y tendencia-ciclo > Industrias manufactureras > 322 Industria del papel > Serie desestacionalizada",0
s323,Impresión e industrias conexas,"Indicadores económicos de coyuntura > Actividad industrial, base 2018 > Series desestacionalizadas y tendencia-ciclo > Industrias manufactureras > 323 Impresión e industrias conexas > Serie desestacionalizada",0
s324,Fabricación de productos derivados del petróleo y del carbón,"Indicadores económicos de coyuntura > Actividad industrial, base 2018 > Series desestacionalizadas y tendencia-ciclo > Industrias manufactureras > 324 Fabricación de productos derivados del petróleo y del carbón > Serie desestacionalizada",0
s325,Industria química,"Indicadores económicos de coyuntura > Actividad industrial, base 2018 > Series desestacionalizadas y tendencia-ciclo > Industrias manufactureras > 325 Industria química > Serie desestacionalizada",0
s326,Industria del plástico y del hule,"Indicadores económicos de coyuntura > Actividad industrial, base 2018 > Series desestacionalizadas y tendencia-ciclo > Industrias manufactureras > 326 Industria del plástico y del hule > Serie desestacionalizada",0
s327,Fabricación de productos a base de minerales no metálicos,"Indicadores económicos de coyuntura > Actividad industrial, base 2018 > Series desestacionalizadas y tendencia-ciclo > Industrias manufactureras > 327 Fabricación de productos a base de minerales no metálicos > Serie desestacionalizada",0
s331,Industrias metálicas básicas,"Indicadores económicos de coyuntura > Actividad industrial, base 2018 > Series desestacionalizadas y tendencia-ciclo > Industrias manufactureras > 331 Industrias metálicas básicas > Serie desestacionalizada",0
s332,Fabricación de productos metálicos,"Indicadores económicos de coyuntura > Actividad industrial, base 2018 > Series desestacionalizadas y tendencia-ciclo > Industrias manufactureras > 332 Fabricación de productos metálicos > Serie desestacionalizada",0
s333,Fabricación de maquinaria y equipo,"Indicadores económicos de coyuntura > Actividad industrial, base 2018 > Series desestacionalizadas y tendencia-ciclo > Industrias manufactureras > 333 Fabricación de maquinaria y equipo > Serie desestacionalizada",0
s334,"Fabricación de equipo de computación, comunicación, medición y de otros equipos, componentes y accesorios electrónicos","Indicadores económicos de coyuntura > Actividad industrial, base 2018 > Series desestacionalizadas y tendencia-ciclo > Industrias manufactureras > 334 Fabricación de equipo de computación, comunicación, medición y de otros equipos, componentes y accesorios electrónicos > Serie desestacionalizada",0
s335,"Fabricación de accesorios, aparatos eléctricos y equipo de generación de energía eléctrica","Indicadores económicos de coyuntura > Actividad industrial, base 2018 > Series desestacionalizadas y tendencia-ciclo > Industrias manufactureras > 335 Fabricación de accesorios, aparatos eléctricos y equipo de generación de energía eléctrica > Serie desestacionalizada",0
s336,Fabricación de equipo de transporte,"Indicadores económicos de coyuntura > Actividad industrial, base 2018 > Series desestacionalizadas y tendencia-ciclo > Industrias manufactureras > 336 Fabricación de equipo de transporte > Serie desestacionalizada",0
s337,"Fabricación de muebles, colchones y persianas","Indicadores económicos de coyuntura > Actividad industrial, base 2018 > Series desestacionalizadas y tendencia-ciclo > Industrias manufactureras > 337 Fabricación de muebles, colchones y persianas > Serie desestacionalizada",0
s339,Otras industrias manufactureras,"Indicadores económicos de coyuntura > Actividad industrial, base 2018 > Series desestacionalizadas y tendencia-ciclo > Industrias manufactureras > 339 Otras industrias manufactureras > Serie desestacionalizada",0
fbkf,Formación bruta de capital fijo,"Indicadores económicos de coyuntura > Formación bruta de capital fijo, base 2018 > Series desestacionalizadas y tendencia-ciclo > Total > Serie desestacionalizada",0
fbkf_mqeq,FBCF Maquinaria y equipo,"Indicadores económicos de coyuntura > Formación bruta de capital fijo, base 2018 > Series desestacionalizadas y tendencia-ciclo > Maquinaria y equipo > Total > Serie desestacionalizada",0
fbkf_mqeq_n_total,FBCF Maquinaria y equipo Nacional ,"Indicadores económicos de coyuntura > Formación bruta de capital fijo, base 2018 > Series desestacionalizadas y tendencia-ciclo > Maquinaria y equipo > Nacional > Total > Serie desestacionalizada",0
fbkf_mqeq_n_transporte,FBCF Maquinaria y equipo Nacional Transporte,"Indicadores económicos de coyuntura > Formación bruta de capital fijo, base 2018 > Series desestacionalizadas y tendencia-ciclo > Maquinaria y equipo > Nacional > Equipo de transporte > Serie desestacionalizada",0
fbkf_mqeq_n_maquinaria,"FBCF Maquinaria y equipo Nacional Maquinaria, equipo y otros bienes","Indicadores económicos de coyuntura > Formación bruta de capital fijo, base 2018 > Series desestacionalizadas y tendencia-ciclo > Maquinaria y equipo > Nacional > Maquinaria, equipo y otros bienes > Serie desestacionalizada",0
fbkf_mqeq_m_total,FBCF Maquinaria y equipo  Importado,"Indicadores económicos de coyuntura > Formación bruta de capital fijo, base 2018 > Series desestacionalizadas y tendencia-ciclo > Maquinaria y equipo > Importado > Total > Serie desestacionalizada",0
fbkf_mqeq_m_transporte,FBCF  Maquinaria y equipo Importado Equipo de transporte,"Indicadores económicos de coyuntura > Formación bruta de capital fijo, base 2018 > Series desestacionalizadas y tendencia-ciclo > Maquinaria y equipo > Importado > Equipo de transporte > Serie desestacionalizada",0
fbkf_mqeq_m_maquinaria,"FBCF Maquinaria y equipo Importado Maquinaria, equipo y otros bienes","Indicadores económicos de coyuntura > Formación bruta de capital fijo, base 2018 > Series desestacionalizadas y tendencia-ciclo > Maquinaria y equipo > Importado > Maquinaria, equipo y otros bienes > Serie desestacionalizada",0
fbkf_construccion,FBCF Construcción,"Indicadores económicos de coyuntura > Formación bruta de capital fijo, base 2018 > Series desestacionalizadas y tendencia-ciclo > Construcción > Total > Serie desestacionalizada",0
fbkf_const_residencial ,FBCF Construcción Residencial,"Indicadores económicos de coyuntura > Formación bruta de capital fijo, base 2018 > Series desestacionalizadas y tendencia-ciclo > Construcción > Residencial > Serie desestacionalizada",0
fbkf_const_noresidencial ,FBCF Construcción No residencial,"Indicadores económicos de coyuntura > Formación bruta de capital fijo, base 2018 > Series desestacionalizadas y tendencia-ciclo > Construcción > No residencial > Serie desestacionalizada",0
imaief_Ags,Actividad Industrial Ags,"Indicadores económicos de coyuntura > Actividad industrial por entidad federativa, base 2018 > Series desestacionalizadas y tendencia-ciclo > Total actividad industrial > Aguascalientes > Serie desestacionalizada",0
imaief_BC,Actividad Industrial BC,"Indicadores económicos de coyuntura > Actividad industrial por entidad federativa, base 2018 > Series desestacionalizadas y tendencia-ciclo > Total actividad industrial > Baja California > Serie desestacionalizada",0
imaief_BCS,Actividad Industrial BCS,"Indicadores económicos de coyuntura > Actividad industrial por entidad federativa, base 2018 > Series desestacionalizadas y tendencia-ciclo > Total actividad industrial > Baja California Sur > Serie desestacionalizada",0
imaief_Camp,Actividad Industrial Camp,"Indicadores económicos de coyuntura > Actividad industrial por entidad federativa, base 2018 > Series desestacionalizadas y tendencia-ciclo > Total actividad industrial > Campeche > Serie desestacionalizada",0
imaief_Coah,Actividad Industrial Coah,"Indicadores económicos de coyuntura > Actividad industrial por entidad federativa, base 2018 > Series desestacionalizadas y tendencia-ciclo > Total actividad industrial > Coahuila de Zaragoza > Serie desestacionalizada",0
imaief_Col,Actividad Industrial Col,"Indicadores económicos de coyuntura > Actividad industrial por entidad federativa, base 2018 > Series desestacionalizadas y tendencia-ciclo > Total actividad industrial > Colima > Serie desestacionalizada",0
imaief_Chis,Actividad Industrial Chis,"Indicadores económicos de coyuntura > Actividad industrial por entidad federativa, base 2018 > Series desestacionalizadas y tendencia-ciclo > Total actividad industrial > Chiapas > Serie desestacionalizada",0
imaief_Chih,Actividad Industrial Chih,"Indicadores económicos de coyuntura > Actividad industrial por entidad federativa, base 2018 > Series desestacionalizadas y tendencia-ciclo > Total actividad industrial > Chihuahua > Serie desestacionalizada",0
imaief_CDMX,Actividad Industrial CDMX,"Indicadores económicos de coyuntura > Actividad industrial por entidad federativa, base 2018 > Series desestacionalizadas y tendencia-ciclo > Total actividad industrial > Ciudad de México > Serie desestacionalizada",0
imaief_Dgo,Actividad Industrial Dgo,"Indicadores económicos de coyuntura > Actividad industrial por entidad federativa, base 2018 > Series desestacionalizadas y tendencia-ciclo > Total actividad industrial > Durango > Serie desestacionalizada",0
imaief_Gto,Actividad Industrial Gto,"Indicadores económicos de coyuntura > Actividad industrial por entidad federativa, base 2018 > Series desestacionalizadas y tendencia-ciclo > Total actividad industrial > Guanajuato > Serie desestacionalizada",0
imaief_Gro,Actividad Industrial Gro,"Indicadores económicos de coyuntura > Actividad industrial por entidad federativa, base 2018 > Series desestacionalizadas y tendencia-ciclo > Total actividad industrial > Guerrero > Serie desestacionalizada",0
imaief_Hgo,Actividad Industrial Hgo,"Indicadores económicos de coyuntura > Actividad industrial por entidad federativa, base 2018 > Series desestacionalizadas y tendencia-ciclo > Total actividad industrial > Hidalgo > Serie desestacionalizada",0
imaief_Jal,Actividad Industrial Jal,"Indicadores económicos de coyuntura > Actividad industrial por entidad federativa, base 2018 > Series desestacionalizadas y tendencia-ciclo > Total actividad industrial > Jalisco > Serie desestacionalizada",0
imaief_Mex,Actividad Industrial Mex,"Indicadores económicos de coyuntura > Actividad industrial por entidad federativa, base 2018 > Series desestacionalizadas y tendencia-ciclo > Total actividad industrial > México > Serie desestacionalizada",0
imaief_Mich,Actividad Industrial Mich,"Indicadores económicos de coyuntura > Actividad industrial por entidad federativa, base 2018 > Series desestacionalizadas y tendencia-ciclo > Total actividad industrial > Michoacán de Ocampo > Serie desestacionalizada",0
imaief_Mor,Actividad Industrial Mor,"Indicadores económicos de coyuntura > Actividad industrial por entidad federativa, base 2018 > Series desestacionalizadas y tendencia-ciclo > Total actividad industrial > Morelos > Serie desestacionalizada",0
imaief_Nay,Actividad Industrial Nay,"Indicadores económicos de coyuntura > Actividad industrial por entidad federativa, base 2018 > Series desestacionalizadas y tendencia-ciclo > Total actividad industrial > Nayarit > Serie desestacionalizada",0
imaief_NL,Actividad Industrial NL,"Indicadores económicos de coyuntura > Actividad industrial por entidad federativa, base 2018 > Series desestacionalizadas y tendencia-ciclo > Total actividad industrial > Nuevo León > Serie desestacionalizada",0
imaief_Oax,Actividad Industrial Oax,"Indicadores económicos de coyuntura > Actividad industrial por entidad federativa, base 2018 > Series desestacionalizadas y tendencia-ciclo > Total actividad industrial > Oaxaca > Serie desestacionalizada",0
imaief_Pue,Actividad Industrial Pue,"Indicadores económicos de coyuntura > Actividad industrial por entidad federativa, base 2018 > Series desestacionalizadas y tendencia-ciclo > Total actividad industrial > Puebla > Serie desestacionalizada",0
imaief_Qro,Actividad Industrial Qro,"Indicadores económicos de coyuntura > Actividad industrial por entidad federativa, base 2018 > Series desestacionalizadas y tendencia-ciclo > Total actividad industrial > Querétaro > Serie desestacionalizada",0
imaief_QR,Actividad Industrial QR,"Indicadores económicos de coyuntura > Actividad industrial por entidad federativa, base 2018 > Series desestacionalizadas y tendencia-ciclo > Total actividad industrial > Quintana Roo > Serie desestacionalizada",0
imaief_SLP,Actividad Industrial SLP,"Indicadores económicos de coyuntura > Actividad industrial por entidad federativa, base 2018 > Series desestacionalizadas y tendencia-ciclo > Total actividad industrial > San Luis Potosí > Serie desestacionalizada",0
imaief_Sin,Actividad Industrial Sin,"Indicadores económicos de coyuntura > Actividad industrial por entidad federativa, base 2018 > Series desestacionalizadas y tendencia-ciclo > Total actividad industrial > Sinaloa > Serie desestacionalizada",0
imaief_Son,Actividad Industrial Son,"Indicadores económicos de coyuntura > Actividad industrial por entidad federativa, base 2018 > Series desestacionalizadas y tendencia-ciclo > Total actividad industrial > Sonora > Serie desestacionalizada",0
imaief_Tab,Actividad Industrial Tab,"Indicadores económicos de coyuntura > Actividad industrial por entidad federativa, base 2018 > Series desestacionalizadas y tendencia-ciclo > Total actividad industrial > Tabasco > Serie desestacionalizada",0
imaief_Tam,Actividad Industrial Tam,"Indicadores económicos de coyuntura > Actividad industrial por entidad federativa, base 2018 > Series desestacionalizadas y tendencia-ciclo > Total actividad industrial > Tamaulipas > Serie desestacionalizada",0
imaief_Tlax,Actividad Industrial Tlax,"Indicadores económicos de coyuntura > Actividad industrial por entidad federativa, base 2018 > Series desestacionalizadas y tendencia-ciclo > Total actividad industrial > Tlaxcala > Serie desestacionalizada",0
imaief_Ver,Actividad Industrial Ver,"Indicadores económicos de coyuntura > Actividad industrial por entidad federativa, base 2018 > Series desestacionalizadas y tendencia-ciclo > Total actividad industrial > Veracruz de Ignacio de la Llave > Serie desestacionalizada",0
imaief_Yuc,Actividad Industrial Yuc,"Indicadores económicos de coyuntura > Actividad industrial por entidad federativa, base 2018 > Series desestacionalizadas y tendencia-ciclo > Total actividad industrial > Yucatán > Serie desestacionalizada",0
imaief_Zac,Actividad Industrial Zac,"Indicadores económicos de coyuntura > Actividad industrial por entidad federativa, base 2018 > Series desestacionalizadas y tendencia-ciclo > Total actividad industrial > Zacatecas > Serie desestacionalizada",0
imaief_Ags_22,Actividad Industrial 22Ags,"Indicadores económicos de coyuntura > Actividad industrial por entidad federativa, base 2018 > Series desestacionalizadas y tendencia-ciclo > Sector 22. Generación, transmisión y distribución de energía eléctrica, suministro de agua y de gas por ductos al consumidor final > Aguascalientes > Serie desestacionalizada",0
imaief_BC_22,Actividad Industrial 23BC,"Indicadores económicos de coyuntura > Actividad industrial por entidad federativa, base 2018 > Series desestacionalizadas y tendencia-ciclo > Sector 22. Generación, transmisión y distribución de energía eléctrica, suministro de agua y de gas por ductos al consumidor final > Baja California > Serie desestacionalizada",0
imaief_BCS_22,Actividad Industrial 24BCS,"Indicadores económicos de coyuntura > Actividad industrial por entidad federativa, base 2018 > Series desestacionalizadas y tendencia-ciclo > Sector 22. Generación, transmisión y distribución de energía eléctrica, suministro de agua y de gas por ductos al consumidor final > Baja California Sur > Serie desestacionalizada",0
imaief_Camp_22,Actividad Industrial 25Camp,"Indicadores económicos de coyuntura > Actividad industrial por entidad federativa, base 2018 > Series desestacionalizadas y tendencia-ciclo > Sector 22. Generación, transmisión y distribución de energía eléctrica, suministro de agua y de gas por ductos al consumidor final > Campeche > Serie desestacionalizada",0
imaief_Coah_22,Actividad Industrial 26Coah,"Indicadores económicos de coyuntura > Actividad industrial por entidad federativa, base 2018 > Series desestacionalizadas y tendencia-ciclo > Sector 22. Generación, transmisión y distribución de energía eléctrica, suministro de agua y de gas por ductos al consumidor final > Coahuila de Zaragoza > Serie desestacionalizada",0
imaief_Col_22,Actividad Industrial 27Col,"Indicadores económicos de coyuntura > Actividad industrial por entidad federativa, base 2018 > Series desestacionalizadas y tendencia-ciclo > Sector 22. Generación, transmisión y distribución de energía eléctrica, suministro de agua y de gas por ductos al consumidor final > Colima > Serie desestacionalizada",0
imaief_Chis_22,Actividad Industrial 28Chis,"Indicadores económicos de coyuntura > Actividad industrial por entidad federativa, base 2018 > Series desestacionalizadas y tendencia-ciclo > Sector 22. Generación, transmisión y distribución de energía eléctrica, suministro de agua y de gas por ductos al consumidor final > Chiapas > Serie desestacionalizada",0
imaief_Chih_22,Actividad Industrial 29Chih,"Indicadores económicos de coyuntura > Actividad industrial por entidad federativa, base 2018 > Series desestacionalizadas y tendencia-ciclo > Sector 22. Generación, transmisión y distribución de energía eléctrica, suministro de agua y de gas por ductos al consumidor final > Chihuahua > Serie desestacionalizada",0
imaief_CDMX_22,Actividad Industrial 30CDMX,"Indicadores económicos de coyuntura > Actividad industrial por entidad federativa, base 2018 > Series desestacionalizadas y tendencia-ciclo > Sector 22. Generación, transmisión y distribución de energía eléctrica, suministro de agua y de gas por ductos al consumidor final > Ciudad de México > Serie desestacionalizada",0
imaief_Dgo_22,Actividad Industrial 31Dgo,"Indicadores económicos de coyuntura > Actividad industrial por entidad federativa, base 2018 > Series desestacionalizadas y tendencia-ciclo > Sector 22. Generación, transmisión y distribución de energía eléctrica, suministro de agua y de gas por ductos al consumidor final > Durango > Serie desestacionalizada",0
imaief_Gto_22,Actividad Industrial 32Gto,"Indicadores económicos de coyuntura > Actividad industrial por entidad federativa, base 2018 > Series desestacionalizadas y tendencia-ciclo > Sector 22. Generación, transmisión y distribución de energía eléctrica, suministro de agua y de gas por ductos al consumidor final > Guanajuato > Serie desestacionalizada",0
imaief_Gro_22,Actividad Industrial 33Gro,"Indicadores económicos de coyuntura > Actividad industrial por entidad federativa, base 2018 > Series desestacionalizadas y tendencia-ciclo > Sector 22. Generación, transmisión y distribución de energía eléctrica, suministro de agua y de gas por ductos al consumidor final > Guerrero > Serie desestacionalizada",0
imaief_Hgo_22,Actividad Industrial 34Hgo,"Indicadores económicos de coyuntura > Actividad industrial por entidad federativa, base 2018 > Series desestacionalizadas y tendencia-ciclo > Sector 22. Generación, transmisión y distribución de energía eléctrica, suministro de agua y de gas por ductos al consumidor final > Hidalgo > Serie desestacionalizada",0
imaief_Jal_22,Actividad Industrial 35Jal,"Indicadores económicos de coyuntura > Actividad industrial por entidad federativa, base 2018 > Series desestacionalizadas y tendencia-ciclo > Sector 22. Generación, transmisión y distribución de energía eléctrica, suministro de agua y de gas por ductos al consumidor final > Jalisco > Serie desestacionalizada",0
imaief_Mex_22,Actividad Industrial 36Mex,"Indicadores económicos de coyuntura > Actividad industrial por entidad federativa, base 2018 > Series desestacionalizadas y tendencia-ciclo > Sector 22. Generación, transmisión y distribución de energía eléctrica, suministro de agua y de gas por ductos al consumidor final > México > Serie desestacionalizada",0
imaief_Mich_22,Actividad Industrial 37Mich,"Indicadores económicos de coyuntura > Actividad industrial por entidad federativa, base 2018 > Series desestacionalizadas y tendencia-ciclo > Sector 22. Generación, transmisión y distribución de energía eléctrica, suministro de agua y de gas por ductos al consumidor final > Michoacán de Ocampo > Serie desestacionalizada",0
imaief_Mor_22,Actividad Industrial 38Mor,"Indicadores económicos de coyuntura > Actividad industrial por entidad federativa, base 2018 > Series desestacionalizadas y tendencia-ciclo > Sector 22. Generación, transmisión y distribución de energía eléctrica, suministro de agua y de gas por ductos al consumidor final > Morelos > Serie desestacionalizada",0
imaief_Nay_22,Actividad Industrial 39Nay,"Indicadores económicos de coyuntura > Actividad industrial por entidad federativa, base 2018 > Series desestacionalizadas y tendencia-ciclo > Sector 22. Generación, transmisión y distribución de energía eléctrica, suministro de agua y de gas por ductos al consumidor final > Nayarit > Serie desestacionalizada",0
imaief_NL_22,Actividad Industrial 40NL,"Indicadores económicos de coyuntura > Actividad industrial por entidad federativa, base 2018 > Series desestacionalizadas y tendencia-ciclo > Sector 22. Generación, transmisión y distribución de energía eléctrica, suministro de agua y de gas por ductos al consumidor final > Nuevo León > Serie desestacionalizada",0
imaief_Oax_22,Actividad Industrial 41Oax,"Indicadores económicos de coyuntura > Actividad industrial por entidad federativa, base 2018 > Series desestacionalizadas y tendencia-ciclo > Sector 22. Generación, transmisión y distribución de energía eléctrica, suministro de agua y de gas por ductos al consumidor final > Oaxaca > Serie desestacionalizada",0
imaief_Pue_22,Actividad Industrial 42Pue,"Indicadores económicos de coyuntura > Actividad industrial por entidad federativa, base 2018 > Series desestacionalizadas y tendencia-ciclo > Sector 22. Generación, transmisión y distribución de energía eléctrica, suministro de agua y de gas por ductos al consumidor final > Puebla > Serie desestacionalizada",0
imaief_Qro_22,Actividad Industrial 43Qro,"Indicadores económicos de coyuntura > Actividad industrial por entidad federativa, base 2018 > Series desestacionalizadas y tendencia-ciclo > Sector 22. Generación, transmisión y distribución de energía eléctrica, suministro de agua y de gas por ductos al consumidor final > Querétaro > Serie desestacionalizada",0
imaief_QR_22,Actividad Industrial 44QR,"Indicadores económicos de coyuntura > Actividad industrial por entidad federativa, base 2018 > Series desestacionalizadas y tendencia-ciclo > Sector 22. Generación, transmisión y distribución de energía eléctrica, suministro de agua y de gas por ductos al consumidor final > Quintana Roo > Serie desestacionalizada",0
imaief_SLP_22,Actividad Industrial 45SLP,"Indicadores económicos de coyuntura > Actividad industrial por entidad federativa, base 2018 > Series desestacionalizadas y tendencia-ciclo > Sector 22. Generación, transmisión y distribución de energía eléctrica, suministro de agua y de gas por ductos al consumidor final > San Luis Potosí > Serie desestacionalizada",0
imaief_Sin_22,Actividad Industrial 46Sin,"Indicadores económicos de coyuntura > Actividad industrial por entidad federativa, base 2018 > Series desestacionalizadas y tendencia-ciclo > Sector 22. Generación, transmisión y distribución de energía eléctrica, suministro de agua y de gas por ductos al consumidor final > Sinaloa > Serie desestacionalizada",0
imaief_Son_22,Actividad Industrial 47Son,"Indicadores económicos de coyuntura > Actividad industrial por entidad federativa, base 2018 > Series desestacionalizadas y tendencia-ciclo > Sector 22. Generación, transmisión y distribución de energía eléctrica, suministro de agua y de gas por ductos al consumidor final > Sonora > Serie desestacionalizada",0
imaief_Tab_22,Actividad Industrial 48Tab,"Indicadores económicos de coyuntura > Actividad industrial por entidad federativa, base 2018 > Series desestacionalizadas y tendencia-ciclo > Sector 22. Generación, transmisión y distribución de energía eléctrica, suministro de agua y de gas por ductos al consumidor final > Tabasco > Serie desestacionalizada",0
imaief_Tam_22,Actividad Industrial 49Tam,"Indicadores económicos de coyuntura > Actividad industrial por entidad federativa, base 2018 > Series desestacionalizadas y tendencia-ciclo > Sector 22. Generación, transmisión y distribución de energía eléctrica, suministro de agua y de gas por ductos al consumidor final > Tamaulipas > Serie desestacionalizada",0
imaief_Tlax_22,Actividad Industrial 50Tlax,"Indicadores económicos de coyuntura > Actividad industrial por entidad federativa, base 2018 > Series desestacionalizadas y tendencia-ciclo > Sector 22. Generación, transmisión y distribución de energía eléctrica, suministro de agua y de gas por ductos al consumidor final > Tlaxcala > Serie desestacionalizada",0
imaief_Ver_22,Actividad Industrial 51Ver,"Indicadores económicos de coyuntura > Actividad industrial por entidad federativa, base 2018 > Series desestacionalizadas y tendencia-ciclo > Sector 22. Generación, transmisión y distribución de energía eléctrica, suministro de agua y de gas por ductos al consumidor final > Veracruz de Ignacio de la Llave > Serie desestacionalizada",0
imaief_Yuc_22,Actividad Industrial 52Yuc,"Indicadores económicos de coyuntura > Actividad industrial por entidad federativa, base 2018 > Series desestacionalizadas y tendencia-ciclo > Sector 22. Generación, transmisión y distribución de energía eléctrica, suministro de agua y de gas por ductos al consumidor final > Yucatán > Serie desestacionalizada",0
imaief_Zac_22,Actividad Industrial 53Zac,"Indicadores económicos de coyuntura > Actividad industrial por entidad federativa, base 2018 > Series desestacionalizadas y tendencia-ciclo > Sector 22. Generación, transmisión y distribución de energía eléctrica, suministro de agua y de gas por ductos al consumidor final > Zacatecas > Serie desestacionalizada",0
imaief_Ags_31_33,Actividad Industrial 31-33Ags,"Indicadores económicos de coyuntura > Actividad industrial por entidad federativa, base 2018 > Series desestacionalizadas y tendencia-ciclo > Sector 31-33. Industrias manufactureras > Aguascalientes > Serie desestacionalizada",0
imaief_BC_31_33,Actividad Industrial 31-34BC,"Indicadores económicos de coyuntura > Actividad industrial por entidad federativa, base 2018 > Series desestacionalizadas y tendencia-ciclo > Sector 31-33. Industrias manufactureras > Baja California > Serie desestacionalizada",0
imaief_BCS_31_33,Actividad Industrial 31-35BCS,"Indicadores económicos de coyuntura > Actividad industrial por entidad federativa, base 2018 > Series desestacionalizadas y tendencia-ciclo > Sector 31-33. Industrias manufactureras > Baja California Sur > Serie desestacionalizada",0
imaief_Camp_31_33,Actividad Industrial 31-36Camp,"Indicadores económicos de coyuntura > Actividad industrial por entidad federativa, base 2018 > Series desestacionalizadas y tendencia-ciclo > Sector 31-33. Industrias manufactureras > Campeche > Serie desestacionalizada",0
imaief_Coah_31_33,Actividad Industrial 31-37Coah,"Indicadores económicos de coyuntura > Actividad industrial por entidad federativa, base 2018 > Series desestacionalizadas y tendencia-ciclo > Sector 31-33. Industrias manufactureras > Coahuila de Zaragoza > Serie desestacionalizada",0
imaief_Col_31_33,Actividad Industrial 31-38Col,"Indicadores económicos de coyuntura > Actividad industrial por entidad federativa, base 2018 > Series desestacionalizadas y tendencia-ciclo > Sector 31-33. Industrias manufactureras > Colima > Serie desestacionalizada",0
imaief_Chis_31_33,Actividad Industrial 31-39Chis,"Indicadores económicos de coyuntura > Actividad industrial por entidad federativa, base 2018 > Series desestacionalizadas y tendencia-ciclo > Sector 31-33. Industrias manufactureras > Chiapas > Serie desestacionalizada",0
imaief_Chih_31_33,Actividad Industrial 31-40Chih,"Indicadores económicos de coyuntura > Actividad industrial por entidad federativa, base 2018 > Series desestacionalizadas y tendencia-ciclo > Sector 31-33. Industrias manufactureras > Chihuahua > Serie desestacionalizada",0
imaief_CDMX_31_33,Actividad Industrial 31-41CDMX,"Indicadores económicos de coyuntura > Actividad industrial por entidad federativa, base 2018 > Series desestacionalizadas y tendencia-ciclo > Sector 31-33. Industrias manufactureras > Ciudad de México > Serie desestacionalizada",0
imaief_Dgo_31_33,Actividad Industrial 31-42Dgo,"Indicadores económicos de coyuntura > Actividad industrial por entidad federativa, base 2018 > Series desestacionalizadas y tendencia-ciclo > Sector 31-33. Industrias manufactureras > Durango > Serie desestacionalizada",0
imaief_Gto_31_33,Actividad Industrial 31-43Gto,"Indicadores económicos de coyuntura > Actividad industrial por entidad federativa, base 2018 > Series desestacionalizadas y tendencia-ciclo > Sector 31-33. Industrias manufactureras > Guanajuato > Serie desestacionalizada",0
imaief_Gro_31_33,Actividad Industrial 31-44Gro,"Indicadores económicos de coyuntura > Actividad industrial por entidad federativa, base 2018 > Series desestacionalizadas y tendencia-ciclo > Sector 31-33. Industrias manufactureras > Guerrero > Serie desestacionalizada",0
imaief_Hgo_31_33,Actividad Industrial 31-45Hgo,"Indicadores económicos de coyuntura > Actividad industrial por entidad federativa, base 2018 > Series desestacionalizadas y tendencia-ciclo > Sector 31-33. Industrias manufactureras > Hidalgo > Serie desestacionalizada",0
imaief_Jal_31_33,Actividad Industrial 31-46Jal,"Indicadores económicos de coyuntura > Actividad industrial por entidad federativa, base 2018 > Series desestacionalizadas y tendencia-ciclo > Sector 31-33. Industrias manufactureras > Jalisco > Serie desestacionalizada",0
imaief_Mex_31_33,Actividad Industrial 31-47Mex,"Indicadores económicos de coyuntura > Actividad industrial por entidad federativa, base 2018 > Series desestacionalizadas y tendencia-ciclo > Sector 31-33. Industrias manufactureras > México > Serie desestacionalizada",0
imaief_Mich_31_33,Actividad Industrial 31-48Mich,"Indicadores económicos de coyuntura > Actividad industrial por entidad federativa, base 2018 > Series desestacionalizadas y tendencia-ciclo > Sector 31-33. Industrias manufactureras > Michoacán de Ocampo > Serie desestacionalizada",0
imaief_Mor_31_33,Actividad Industrial 31-49Mor,"Indicadores económicos de coyuntura > Actividad industrial por entidad federativa, base 2018 > Series desestacionalizadas y tendencia-ciclo > Sector 31-33. Industrias manufactureras > Morelos > Serie desestacionalizada",0
imaief_Nay_31_33,Actividad Industrial 31-50Nay,"Indicadores económicos de coyuntura > Actividad industrial por entidad federativa, base 2018 > Series desestacionalizadas y tendencia-ciclo > Sector 31-33. Industrias manufactureras > Nayarit > Serie desestacionalizada",0
imaief_NL_31_33,Actividad Industrial 31-51NL,"Indicadores económicos de coyuntura > Actividad industrial por entidad federativa, base 2018 > Series desestacionalizadas y tendencia-ciclo > Sector 31-33. Industrias manufactureras > Nuevo León > Serie desestacionalizada",0
imaief_Oax_31_33,Actividad Industrial 31-52Oax,"Indicadores económicos de coyuntura > Actividad industrial por entidad federativa, base 2018 > Series desestacionalizadas y tendencia-ciclo > Sector 31-33. Industrias manufactureras > Oaxaca > Serie desestacionalizada",0
imaief_Pue_31_33,Actividad Industrial 31-53Pue,"Indicadores económicos de coyuntura > Actividad industrial por entidad federativa, base 2018 > Series desestacionalizadas y tendencia-ciclo > Sector 31-33. Industrias manufactureras > Puebla > Serie desestacionalizada",0
imaief_Qro_31_33,Actividad Industrial 31-54Qro,"Indicadores económicos de coyuntura > Actividad industrial por entidad federativa, base 2018 > Series desestacionalizadas y tendencia-ciclo > Sector 31-33. Industrias manufactureras > Querétaro > Serie desestacionalizada",0
imaief_QR_31_33,Actividad Industrial 31-55QR,"Indicadores económicos de coyuntura > Actividad industrial por entidad federativa, base 2018 > Series desestacionalizadas y tendencia-ciclo > Sector 31-33. Industrias manufactureras > Quintana Roo > Serie desestacionalizada",0
imaief_SLP_31_33,Actividad Industrial 31-56SLP,"Indicadores económicos de coyuntura > Actividad industrial por entidad federativa, base 2018 > Series desestacionalizadas y tendencia-ciclo > Sector 31-33. Industrias manufactureras > San Luis Potosí > Serie desestacionalizada",0
imaief_Sin_31_33,Actividad Industrial 31-57Sin,"Indicadores económicos de coyuntura > Actividad industrial por entidad federativa, base 2018 > Series desestacionalizadas y tendencia-ciclo > Sector 31-33. Industrias manufactureras > Sinaloa > Serie desestacionalizada",0
imaief_Son_31_33,Actividad Industrial 31-58Son,"Indicadores económicos de coyuntura > Actividad industrial por entidad federativa, base 2018 > Series desestacionalizadas y tendencia-ciclo > Sector 31-33. Industrias manufactureras > Sonora > Serie desestacionalizada",0
imaief_Tab_31_33,Actividad Industrial 31-59Tab,"Indicadores económicos de coyuntura > Actividad industrial por entidad federativa, base 2018 > Series desestacionalizadas y tendencia-ciclo > Sector 31-33. Industrias manufactureras > Tabasco > Serie desestacionalizada",0
imaief_Tam_31_33,Actividad Industrial 31-60Tam,"Indicadores económicos de coyuntura > Actividad industrial por entidad federativa, base 2018 > Series desestacionalizadas y tendencia-ciclo > Sector 31-33. Industrias manufactureras > Tamaulipas > Serie desestacionalizada",0
imaief_Tlax_31_33,Actividad Industrial 31-61Tlax,"Indicadores económicos de coyuntura > Actividad industrial por entidad federativa, base 2018 > Series desestacionalizadas y tendencia-ciclo > Sector 31-33. Industrias manufactureras > Tlaxcala > Serie desestacionalizada",0
imaief_Ver_31_33,Actividad Industrial 31-62Ver,"Indicadores económicos de coyuntura > Actividad industrial por entidad federativa, base 2018 > Series desestacionalizadas y tendencia-ciclo > Sector 31-33. Industrias manufactureras > Veracruz de Ignacio de la Llave > Serie desestacionalizada",0
imaief_Yuc_31_33,Actividad Industrial 31-63Yuc,"Indicadores económicos de coyuntura > Actividad industrial por entidad federativa, base 2018 > Series desestacionalizadas y tendencia-ciclo > Sector 31-33. Industrias manufactureras > Yucatán > Serie desestacionalizada",0
imaief_Zac_31_33,Actividad Industrial 31-64Zac,"Indicadores económicos de coyuntura > Actividad industrial por entidad federativa, base 2018 > Series desestacionalizadas y tendencia-ciclo > Sector 31-33. Industrias manufactureras > Zacatecas > Serie desestacionalizada",0
ivf_imm,Industria minerometalúrgica,Indicadores económicos de coyuntura > Industria minerometalúrgica > Series desestacionalizadas y tendencia-ciclo > Serie desestacionalizada,0
iat_constr,Indicador agregado de tendencia Construcción,Indicadores económicos de coyuntura > Encuesta mensual de opinión empresarial (EMOE). Serie 2018 > Sector construcción > Series desestacionalizadas y tendencia-ciclo > Indicador agregado de tendencia y sus componentes > Indicador agregado de tendencia > Serie desestacionalizada,0
confianza_constr,Indicador de confianza empresarial  Construcción,Indicadores económicos de coyuntura > Encuesta mensual de opinión empresarial (EMOE). Serie 2018 > Sector construcción > Series desestacionalizadas y tendencia-ciclo > Indicador de confianza empresarial y sus componentes > Indicador de confianza empresarial > Serie desestacionalizada,0
momento_inversion_constr,Momento adecuado para invertir  Construcción,Indicadores económicos de coyuntura > Encuesta mensual de opinión empresarial (EMOE). Serie 2018 > Sector construcción > Series desestacionalizadas y tendencia-ciclo > Indicador de confianza empresarial y sus componentes > Momento adecuado para invertir > Serie desestacionalizada,0
iat_manuf,Indicador agregado de tendencia del sector industrias manufactureras,Indicadores económicos de coyuntura > Encuesta mensual de opinión empresarial (EMOE). Serie 2018 > Sector manufacturero > Series desestacionalizadas y tendencia-ciclo > Indicador de expectativas empresariales del sector manufacturero > Indicador agregado de tendencia y sus componentes > Indicador agregado de tendencia del sector industrias manufactureras > Serie desestacionalizada,0
confianza_manuf,Confianza Manufacturas,Indicadores económicos de coyuntura > Encuesta mensual de opinión empresarial (EMOE). Serie 2018 > Sector manufacturero > Series desestacionalizadas y tendencia-ciclo > Indicador de confianza empresarial y sus componentes > Indicador de confianza empresarial sector industrias manufactureras > Serie desestacionalizada,0
momento_inversion_manuf,Momento adecuado para invertir Manufacturas,Indicadores económicos de coyuntura > Encuesta mensual de opinión empresarial (EMOE). Serie 2018 > Sector manufacturero > Series desestacionalizadas y tendencia-ciclo > Indicador de confianza empresarial y sus componentes > Momento adecuado para invertir > Serie desestacionalizada,0
pedidos_manuf,Indicador de pedidos manufactureros,Indicadores económicos de coyuntura > Encuesta mensual de opinión empresarial (EMOE). Serie 2018 > Sector manufacturero > Series desestacionalizadas y tendencia-ciclo > Indicador de pedidos manufactureros y sus componentes > Indicador de pedidos manufactureros > Serie desestacionalizada,0
iat_comer, Indicador agregado de tendencia comercio,Indicadores económicos de coyuntura > Encuesta mensual de opinión empresarial (EMOE). Serie 2018 > Sector comercio > Series desestacionalizadas y tendencia-ciclo > Indicador agregado de tendencia y sus componentes > Indicador agregado de tendencia del sector comercio > Serie desestacionalizada,0
confianza_comer,Confianza Comercio,Indicadores económicos de coyuntura > Encuesta mensual de opinión empresarial (EMOE). Serie 2018 > Sector comercio > Series desestacionalizadas y tendencia-ciclo > Indicador de confianza empresarial y sus componentes > Indicador de confianza empresarial > Serie desestacionalizada,0
momento_inversion_comer,Momento adecuado para invertir Comercio,Indicadores económicos de coyuntura > Encuesta mensual de opinión empresarial (EMOE). Serie 2018 > Sector comercio > Series desestacionalizadas y tendencia-ciclo > Indicador de confianza empresarial y sus componentes > Momento adecuado para invertir > Serie desestacionalizada,0
iat_spnf,Indicador agregado de tendencia del sector servicios privados no financieros,Indicadores económicos de coyuntura > Encuesta mensual de opinión empresarial (EMOE). Serie 2018 > Sector servicios privados no financieros > Series desestacionalizadas y tendencia-ciclo > Indicador agregado de tendencia y sus componentes > Indicador agregado de tendencia del sector servicios privados no financieros > Serie desestacionalizada,0
confianza_spnf,Confianza  sector servicios privados no financieros,Indicadores económicos de coyuntura > Encuesta mensual de opinión empresarial (EMOE). Serie 2018 > Sector servicios privados no financieros > Series desestacionalizadas y tendencia-ciclo > Indicador de confianza empresarial y sus componentes > Indicador de confianza empresarial del sector servicios privados no financieros > Serie desestacionalizada,0
momento_inversion_spnf,Momento adecuado para invertir  sector servicios privados no financieros,Indicadores económicos de coyuntura > Encuesta mensual de opinión empresarial (EMOE). Serie 2018 > Sector servicios privados no financieros > Series desestacionalizadas y tendencia-ciclo > Indicador de confianza empresarial y sus componentes > Momento adecuado para invertir > Serie desestacionalizada,0
ivf_emim,Índice de Volumen Físico de la Producción total EMIM,Indicadores económicos de coyuntura > Encuesta mensual de la industria manufacturera (EMIM). Serie 2018 > Series desestacionalizadas y tendencia-ciclo > Índice de Volumen Físico de la Producción > Índice de Volumen Físico de la Producción total > Serie desestacionalizada,0
po_emim,Personal ocupado EMIM,Indicadores económicos de coyuntura > Encuesta mensual de la industria manufacturera (EMIM). Serie 2018 > Series desestacionalizadas y tendencia-ciclo > Personal ocupado > Personal ocupado total > total > Serie desestacionalizada,0
horas_emim,Horas hombre trabajadas totales EMIM,Indicadores económicos de coyuntura > Encuesta mensual de la industria manufacturera (EMIM). Serie 2018 > Series desestacionalizadas y tendencia-ciclo > Horas hombre trabajadas > Horas hombre trabajadas totales > total > Serie desestacionalizada,0
rem_emim,Remuneraciones medias reales EMIM,Indicadores económicos de coyuntura > Encuesta mensual de la industria manufacturera (EMIM). Serie 2018 > Series desestacionalizadas y tendencia-ciclo > Remuneraciones medias reales > Remuneraciones medias reales totales > total > Serie desestacionalizada,0
vp_enec,Valor de la producción ENEC,Indicadores económicos de coyuntura > Encuesta Nacional de Empresas Constructoras (ENEC). Serie 2018 > Series desestacionalizadas y tendencia-ciclo > Valor de la producción > Total valor de producción > Serie desestacionalizada,0
po_enec,Personal ocupado ENEC,Indicadores económicos de coyuntura > Encuesta Nacional de Empresas Constructoras (ENEC). Serie 2018 > Series desestacionalizadas y tendencia-ciclo > Personal ocupado > Personal ocupado total > Serie desestacionalizada,0
rem_enec,Remuneraciones reales por persona ocupada ENEC,Indicadores económicos de coyuntura > Encuesta Nacional de Empresas Constructoras (ENEC). Serie 2018 > Series desestacionalizadas y tendencia-ciclo > Remuneraciones reales por persona ocupada > total > Serie desestacionalizada,0
horas_enec,Horas trabajadas por el personal ocupado ENEC,Indicadores económicos de coyuntura > Encuesta Nacional de Empresas Constructoras (ENEC). Serie 2018 > Series desestacionalizadas y tendencia-ciclo > Horas trabajadas por el personal ocupado > Horas trabajadas por el personal ocupado total > Serie desestacionalizada,0
po_cmayor,Comercio al por mayor Personal ocupado total,Indicadores económicos de coyuntura > Encuesta mensual sobre empresas comerciales (EMEC). Base 2018 > Series desestacionalizadas y tendencia-ciclo > Comercio al por mayor > Personal ocupado total > Serie desestacionalizada,0
rem_cmayor,Comercio al por mayor Remuneración media,Indicadores económicos de coyuntura > Encuesta mensual sobre empresas comerciales (EMEC). Base 2018 > Series desestacionalizadas y tendencia-ciclo > Comercio al por mayor > Remuneración media > Serie desestacionalizada,0
ingt_cmayor,Comercio al por mayor  Ingresos totales por suministros de bienes y servicios,Indicadores económicos de coyuntura > Encuesta mensual sobre empresas comerciales (EMEC). Base 2018 > Series desestacionalizadas y tendencia-ciclo > Comercio al por mayor > Ingresos totales por suministros de bienes y servicios > Índice general > Serie desestacionalizada,0
mercancias_cmayor,Comercio al por mayor Mercancías compradas para su venta,Indicadores económicos de coyuntura > Encuesta mensual sobre empresas comerciales (EMEC). Base 2018 > Series desestacionalizadas y tendencia-ciclo > Comercio al por mayor > Mercancías compradas para su venta > Serie desestacionalizada,0
po_cmenor, Comercio al por menor Personal ocupado total,Indicadores económicos de coyuntura > Encuesta mensual sobre empresas comerciales (EMEC). Base 2018 > Series desestacionalizadas y tendencia-ciclo > Comercio al por menor > Personal ocupado total > Serie desestacionalizada,0
rem_cmenor,Comercio al por menor Remuneración media,Indicadores económicos de coyuntura > Encuesta mensual sobre empresas comerciales (EMEC). Base 2018 > Series desestacionalizadas y tendencia-ciclo > Comercio al por menor > Remuneración media > Serie desestacionalizada,0
ingt_cmenor,Comercio al por menor Ingresos por suministros de bienes y servicios,Indicadores económicos de coyuntura > Encuesta mensual sobre empresas comerciales (EMEC). Base 2018 > Series desestacionalizadas y tendencia-ciclo > Comercio al por menor > Ingresos por suministros de bienes y servicios > Índice general > Serie desestacionalizada,0
mercancias_cmenor,Comercio al por menor Mercancías compradas para su reventa,Indicadores económicos de coyuntura > Encuesta mensual sobre empresas comerciales (EMEC). Base 2018 > Series desestacionalizadas y tendencia-ciclo > Comercio al por menor > Mercancías compradas para su reventa > Serie desestacionalizada,0
ingt_ems,Ingresos totales por suministro de bienes y servicios por sector EMS,Indicadores económicos de coyuntura > Encuesta mensual de servicios (EMS). Serie 2018 > Series desestacionalizadas y tendencia-ciclo > Ingresos totales por suministro de bienes y servicios por sector > Índice ponderado de ingresos totales > Serie desestacionalizada,0
po_ems,Personal ocupado total por sector EMS,Indicadores económicos de coyuntura > Encuesta mensual de servicios (EMS). Serie 2018 > Series desestacionalizadas y tendencia-ciclo > Personal ocupado total por sector > Índice ponderado del personal ocupado total > Serie desestacionalizada,0
gastos_ems,Gastos totales por el consumo de bienes y servicios EMS,Indicadores económicos de coyuntura > Encuesta mensual de servicios (EMS). Serie 2018 > Series desestacionalizadas y tendencia-ciclo > Gastos totales por el consumo de bienes y servicios > Serie desestacionalizada,0
rem_ems,Remuneraciones totales EMS,Indicadores económicos de coyuntura > Encuesta mensual de servicios (EMS). Serie 2018 > Series desestacionalizadas y tendencia-ciclo > Remuneraciones totales > Serie desestacionalizada,0
confianza_consumidor,Indicador de confianza del consumidor,Indicadores económicos de coyuntura > Confianza del consumidor > Series desestacionalizadas y tendencia-ciclo > Indicador (balance) > Indicador de confianza del consumidor > Serie desestacionalizada,0
X,Exportaciones (FOB),Indicadores económicos de coyuntura > Balanza comercial de mercancías de México > Series desestacionalizadas y tendencia-ciclo > Exportaciones (FOB) > Total > Serie desestacionalizada,0
M,Importaciones (FOB),Indicadores económicos de coyuntura > Balanza comercial de mercancías de México > Series desestacionalizadas y tendencia-ciclo > Importaciones (FOB) > Total > Total > Serie desestacionalizada,0
prod_veh,Producción de vehículos automotores,Comunicaciones y transportes > Industria automotriz > Producción de vehículos automotores,1
ventas_veh,Venta al público de automóviles y camiones > Automóviles,Comunicaciones y transportes > Industria automotriz > Venta al público de automóviles y camiones > Automóviles,1
